Workbook

Sheet Cleaned Responses
A1: Timestamp | B1: Consent | C1: Professional Area | D1: Experience | E1: ML Familiarity | F1: Q1 | G1: Q2 | H1: Q3 | I1: Q4 | J1: Q5 | K1: Q6 | L1: Q7 | M1: Q8 | N1: Q9 | O1: Q10 | P1: Q11 Open Response | Q1: Q12 Open Response
A2: deleted | B2: Yes | C2: Banking/finance | D2: More than 10 years | E2: 4 | F2: Agree | G2: Agree | H2: Strongly agree | I2: Strongly agree | J2: Agree | K2: Agree | L2: Agree | M2: Strongly agree | N2: Agree | O2: Agree
A3: deleted | B3: Yes | C3: Risk management | D3: Less than 1 year | E3: 5 | F3: Agree | G3: Agree | H3: Agree | I3: Neutral | J3: Agree | K3: Agree | L3: Agree | M3: Strongly agree | N3: Strongly agree | O3: Strongly agree | P3: Explaining how the model reached that accuracy would be the most important information I need before I choose a model
A4: deleted | B4: Yes | C4: Credit analysis | D4: 7–10 years | E4: 1 | F4: Agree | G4: Agree | H4: Neutral | I4: Agree | J4: Agree | K4: Agree | L4: Strongly agree | M4: Agree | N4: Agree | O4: Strongly agree
A5: deleted | B5: Yes | C5: Data analytics/data science | D5: Less than 1 year | E5: 4 | F5: Agree | G5: Agree | H5: Strongly agree | I5: Strongly agree | J5: Agree | K5: Strongly agree | L5: Agree | M5: Strongly agree | N5: Agree | O5: Strongly agree | P5: How the model is making decisions and how accurate the decisions are | Q5: Adv would be gaining its users trust
A6: deleted | B6: Yes | C6: Audit/compliance | D6: 1–3 years | E6: 3 | F6: Neutral | G6: Agree | H6: Disagree | I6: Agree | J6: Neutral | K6: Neutral | L6: Agree | M6: Agree | N6: Agree | O6: Strongly agree | P6: Transparency about data and methods | Q6: Advantage: speed up the process. Disadvantage: can cause dependency
A7: deleted | B7: Yes | C7: Data analytics/data science | D7: 4–6 years | E7: 3 | F7: Agree | G7: Strongly agree | H7: Agree | I7: Agree | J7: Agree | K7: Agree | L7: Agree | M7: Agree | N7: Agree | O7: Agree
A8: deleted | B8: Yes | C8: Risk management | D8: 4–6 years | E8: 4 | F8: Neutral | G8: Strongly agree | H8: Strongly agree | I8: Agree | J8: Neutral | K8: Strongly agree | L8: Agree | M8: Strongly agree | N8: Agree | O8: Strongly agree | P8: Transparency and stablity | Q8: Main advantage would be seeing how the model is predicting disadvantage would be there are not 100 percent accurate explainations
A9: deleted | B9: Yes | C9: Data analytics/data science | D9: 1–3 years | E9: 2 | F9: Agree | G9: Neutral | H9: Agree | I9: Neutral | J9: Agree | K9: Agree | L9: Disagree | M9: Neutral | N9: Agree | O9: Agree
A10: deleted | B10: Yes | C10: Banking/finance | D10: 7–10 years | E10: 4 | F10: Strongly agree | G10: Agree | H10: Agree | I10: Agree | J10: Neutral | K10: Agree | L10: Agree | M10: Strongly agree | N10: Strongly agree | O10: Strongly agree
A11: deleted | B11: Yes | C11: Data analytics/data science | D11: 7–10 years | E11: 5 | F11: Agree | G11: Agree | H11: Agree | I11: Agree | J11: Neutral | K11: Strongly agree | L11: Neutral | M11: Agree | N11: Strongly agree | O11: Agree | P11: Size of data, how much clean is the data. | Q11: It could bring clarity on methodology and speed up and scale up the business
A12: deleted | B12: Yes | C12: Audit/compliance | D12: 4–6 years | E12: 5 | F12: Neutral | G12: Neutral | H12: Neutral | I12: Neutral | J12: Neutral | K12: Neutral | L12: Neutral | M12: Neutral | N12: Neutral | O12: Neutral
A13: deleted | B13: Yes | C13: Data analytics/data science | D13: 4–6 years | E13: 4 | F13: Agree | G13: Neutral | H13: Neutral | I13: Neutral | J13: Neutral | K13: Neutral | L13: Neutral | M13: Neutral | N13: Neutral | O13: Agree
A14: deleted | B14: Yes | C14: Data analytics/data science | D14: Less than 1 year | E14: 5 | F14: Neutral | G14: Strongly agree | H14: Agree | I14: Neutral | J14: Neutral | K14: Agree | L14: Agree | M14: Strongly agree | N14: Strongly agree | O14: Agree
A15: deleted | B15: Yes | C15: Data analytics/data science | D15: 1–3 years | E15: 4 | F15: Strongly agree | G15: Strongly agree | H15: Strongly agree | I15: Disagree | J15: Strongly agree | K15: Strongly agree | L15: Strongly agree | M15: Strongly agree | N15: Strongly agree | O15: Strongly agree
A16: deleted | B16: Yes | C16: Data analytics/data science | D16: 1–3 years | E16: 5 | F16: Agree | G16: Agree | H16: Strongly agree | I16: Disagree | J16: Strongly agree | K16: Strongly agree | L16: Strongly agree | M16: Strongly agree | N16: Strongly agree | O16: Strongly agree
A17: deleted | B17: Yes | C17: Audit/compliance | D17: 4–6 years | E17: 3 | F17: Neutral | G17: Strongly agree | H17: Strongly agree | I17: Neutral | J17: Agree | K17: Agree | L17: Agree | M17: Agree | N17: Disagree | O17: Strongly agree
A18: deleted | B18: Yes | C18: Data analytics/data science | D18: Less than 1 year | E18: 5 | F18: Strongly disagree | G18: Strongly agree | H18: Strongly agree | I18: Neutral | J18: Strongly agree | K18: Strongly agree | L18: Neutral | M18: Strongly agree | N18: Strongly agree | O18: Strongly agree
A19: deleted | B19: Yes | C19: Banking/finance | D19: 7–10 years | E19: 3 | F19: Neutral | G19: Agree | H19: Agree | I19: Neutral | J19: Neutral | K19: Agree | L19: Strongly agree | M19: Strongly agree | N19: Agree | O19: Strongly agree | P19: That the model is fair and transparent | Q19: An advantage is it helps in trusting the model and makes transparent decision making possible
A20: deleted | B20: Yes | C20: Data analytics/data science | D20: 1–3 years | E20: 5 | F20: Strongly agree | G20: Agree | H20: Strongly agree | I20: Neutral | J20: Agree | K20: Agree | L20: Strongly agree | M20: Agree | N20: Strongly agree | O20: Strongly agree | P20: Decision threshold; mean F1 score, accuracy, and precision; feature importance values | Q20: Advantage: understanding of the rationale or basis for a decision; Disadvantage: apparent model biases
A21: deleted | B21: Yes | C21: Audit/compliance | D21: 7–10 years | E21: 4 | F21: Agree | G21: Agree | H21: Strongly agree | I21: Agree | J21: Neutral | K21: Strongly agree | L21: Neutral | M21: Agree | N21: Neutral | O21: Neutral
A22: deleted | B22: Yes | C22: Risk management | D22: More than 10 years | E22: 4 | F22: Agree | G22: Agree | H22: Agree | I22: Agree | J22: Agree | K22: Agree | L22: Agree | M22: Agree | N22: Agree | O22: Agree
A23: deleted | B23: Yes | C23: Data analytics/data science | D23: 7–10 years | E23: 5 | F23: Strongly agree | G23: Agree | H23: Strongly agree | I23: Strongly agree | J23: Agree | K23: Agree | L23: Agree | M23: Strongly agree | N23: Strongly agree | O23: Agree | Q23: To be able to see what factors most affect credit-risk assessment could enable the data scientists to evaluate and improve the models for future practices
A24: deleted | B24: Yes | C24: Credit analysis | D24: 1–3 years | E24: 3 | F24: Agree | G24: Strongly agree | H24: Strongly agree | I24: Neutral | J24: Neutral | K24: Strongly agree | L24: Agree | M24: Strongly agree | N24: Strongly agree | O24: Strongly agree | P24: I would like to know what the model is taking into account when making decisions and the different weights it assigns to each factor. | Q24: The main advantage would be speed and consistency. The main disadvantage would be a model making incorrect decisions. Especially bad if the person using the tool puts too much trust in the model and doesn’t review.

Sheet Question Key
A1: Code | B1: Question
A2: Q1 | B2: 1. Predictive accuracy is one of the most important factors when selecting a credit-risk model.
A3: Q2 | B3: 2. I would be less willing to trust a highly accurate model if I could not understand how it reached its decisions.
A4: Q3 | B4: 3. Explainability is especially important when a model rejects a borrower or predicts a high risk of default.
A5: Q4 | B5: 4. Simpler models such as Logistic Regression may be preferable when their predictive performance is close to that of more complex models.
A6: Q5 | B6: 5. Explainability tools such as SHAP can make complex machine-learning models more useful in financial decision-making.
A7: Q6 | B7: 6. Consistency between different explanation methods would increase my confidence in a model.
A8: Q7 | B8: 7. Credit-score information such as FICO is important when evaluating credit risk.
A9: Q8 | B9: 8. False negatives—failing to identify an actual default—are a serious concern in credit-risk modelling.
A10: Q9 | B10: 9. False positives—incorrectly classifying a reliable borrower as high risk—are also an important concern.
A11: Q10 | B11: 10. Human review should remain part of important credit decisions even when machine-learning models are used.
A12: Q11 | B12: 11. What information would you need before trusting a machine-learning model for credit-risk decisions?
A13: Q12 | B13: 12. What do you consider the main advantages or disadvantages of using explainable AI in credit-risk assessment?

Sheet Likert Scores
A1: Respondent | B1: Q1 | C1: Q2 | D1: Q3 | E1: Q4 | F1: Q5 | G1: Q6 | H1: Q7 | I1: Q8 | J1: Q9 | K1: Q10
A2: 1 | B2: =IF('Cleaned Responses'!F2="Strongly disagree",1,IF('Cleaned Responses'!F2="Disagree",2,IF('Cleaned Responses'!F2="Neutral",3,IF('Cleaned Responses'!F2="Agree",4,IF('Cleaned Responses'!F2="Strongly agree",5,""))))) -> 4 | C2: =IF('Cleaned Responses'!G2="Strongly disagree",1,IF('Cleaned Responses'!G2="Disagree",2,IF('Cleaned Responses'!G2="Neutral",3,IF('Cleaned Responses'!G2="Agree",4,IF('Cleaned Responses'!G2="Strongly agree",5,""))))) -> 4 | D2: =IF('Cleaned Responses'!H2="Strongly disagree",1,IF('Cleaned Responses'!H2="Disagree",2,IF('Cleaned Responses'!H2="Neutral",3,IF('Cleaned Responses'!H2="Agree",4,IF('Cleaned Responses'!H2="Strongly agree",5,""))))) -> 5 | E2: =IF('Cleaned Responses'!I2="Strongly disagree",1,IF('Cleaned Responses'!I2="Disagree",2,IF('Cleaned Responses'!I2="Neutral",3,IF('Cleaned Responses'!I2="Agree",4,IF('Cleaned Responses'!I2="Strongly agree",5,""))))) -> 5 | F2: =IF('Cleaned Responses'!J2="Strongly disagree",1,IF('Cleaned Responses'!J2="Disagree",2,IF('Cleaned Responses'!J2="Neutral",3,IF('Cleaned Responses'!J2="Agree",4,IF('Cleaned Responses'!J2="Strongly agree",5,""))))) -> 4 | G2: =IF('Cleaned Responses'!K2="Strongly disagree",1,IF('Cleaned Responses'!K2="Disagree",2,IF('Cleaned Responses'!K2="Neutral",3,IF('Cleaned Responses'!K2="Agree",4,IF('Cleaned Responses'!K2="Strongly agree",5,""))))) -> 4 | H2: =IF('Cleaned Responses'!L2="Strongly disagree",1,IF('Cleaned Responses'!L2="Disagree",2,IF('Cleaned Responses'!L2="Neutral",3,IF('Cleaned Responses'!L2="Agree",4,IF('Cleaned Responses'!L2="Strongly agree",5,""))))) -> 4 | I2: =IF('Cleaned Responses'!M2="Strongly disagree",1,IF('Cleaned Responses'!M2="Disagree",2,IF('Cleaned Responses'!M2="Neutral",3,IF('Cleaned Responses'!M2="Agree",4,IF('Cleaned Responses'!M2="Strongly agree",5,""))))) -> 5 | ... K2: =IF('Cleaned Responses'!O2="Strongly disagree",1,IF('Cleaned Responses'!O2="Disagree",2,IF('Cleaned Responses'!O2="Neutral",3,IF('Cleaned Responses'!O2="Agree",4,IF('Cleaned Responses'!O2="Strongly agree",5,""))))) -> 4
A3: 2 | B3: =IF('Cleaned Responses'!F3="Strongly disagree",1,IF('Cleaned Responses'!F3="Disagree",2,IF('Cleaned Responses'!F3="Neutral",3,IF('Cleaned Responses'!F3="Agree",4,IF('Cleaned Responses'!F3="Strongly agree",5,""))))) -> 4 | C3: =IF('Cleaned Responses'!G3="Strongly disagree",1,IF('Cleaned Responses'!G3="Disagree",2,IF('Cleaned Responses'!G3="Neutral",3,IF('Cleaned Responses'!G3="Agree",4,IF('Cleaned Responses'!G3="Strongly agree",5,""))))) -> 4 | D3: =IF('Cleaned Responses'!H3="Strongly disagree",1,IF('Cleaned Responses'!H3="Disagree",2,IF('Cleaned Responses'!H3="Neutral",3,IF('Cleaned Responses'!H3="Agree",4,IF('Cleaned Responses'!H3="Strongly agree",5,""))))) -> 4 | E3: =IF('Cleaned Responses'!I3="Strongly disagree",1,IF('Cleaned Responses'!I3="Disagree",2,IF('Cleaned Responses'!I3="Neutral",3,IF('Cleaned Responses'!I3="Agree",4,IF('Cleaned Responses'!I3="Strongly agree",5,""))))) -> 3 | F3: =IF('Cleaned Responses'!J3="Strongly disagree",1,IF('Cleaned Responses'!J3="Disagree",2,IF('Cleaned Responses'!J3="Neutral",3,IF('Cleaned Responses'!J3="Agree",4,IF('Cleaned Responses'!J3="Strongly agree",5,""))))) -> 4 | G3: =IF('Cleaned Responses'!K3="Strongly disagree",1,IF('Cleaned Responses'!K3="Disagree",2,IF('Cleaned Responses'!K3="Neutral",3,IF('Cleaned Responses'!K3="Agree",4,IF('Cleaned Responses'!K3="Strongly agree",5,""))))) -> 4 | H3: =IF('Cleaned Responses'!L3="Strongly disagree",1,IF('Cleaned Responses'!L3="Disagree",2,IF('Cleaned Responses'!L3="Neutral",3,IF('Cleaned Responses'!L3="Agree",4,IF('Cleaned Responses'!L3="Strongly agree",5,""))))) -> 4 | I3: =IF('Cleaned Responses'!M3="Strongly disagree",1,IF('Cleaned Responses'!M3="Disagree",2,IF('Cleaned Responses'!M3="Neutral",3,IF('Cleaned Responses'!M3="Agree",4,IF('Cleaned Responses'!M3="Strongly agree",5,""))))) -> 5 | ... K3: =IF('Cleaned Responses'!O3="Strongly disagree",1,IF('Cleaned Responses'!O3="Disagree",2,IF('Cleaned Responses'!O3="Neutral",3,IF('Cleaned Responses'!O3="Agree",4,IF('Cleaned Responses'!O3="Strongly agree",5,""))))) -> 5
A4: 3 | B4: =IF('Cleaned Responses'!F4="Strongly disagree",1,IF('Cleaned Responses'!F4="Disagree",2,IF('Cleaned Responses'!F4="Neutral",3,IF('Cleaned Responses'!F4="Agree",4,IF('Cleaned Responses'!F4="Strongly agree",5,""))))) -> 4 | C4: =IF('Cleaned Responses'!G4="Strongly disagree",1,IF('Cleaned Responses'!G4="Disagree",2,IF('Cleaned Responses'!G4="Neutral",3,IF('Cleaned Responses'!G4="Agree",4,IF('Cleaned Responses'!G4="Strongly agree",5,""))))) -> 4 | D4: =IF('Cleaned Responses'!H4="Strongly disagree",1,IF('Cleaned Responses'!H4="Disagree",2,IF('Cleaned Responses'!H4="Neutral",3,IF('Cleaned Responses'!H4="Agree",4,IF('Cleaned Responses'!H4="Strongly agree",5,""))))) -> 3 | E4: =IF('Cleaned Responses'!I4="Strongly disagree",1,IF('Cleaned Responses'!I4="Disagree",2,IF('Cleaned Responses'!I4="Neutral",3,IF('Cleaned Responses'!I4="Agree",4,IF('Cleaned Responses'!I4="Strongly agree",5,""))))) -> 4 | F4: =IF('Cleaned Responses'!J4="Strongly disagree",1,IF('Cleaned Responses'!J4="Disagree",2,IF('Cleaned Responses'!J4="Neutral",3,IF('Cleaned Responses'!J4="Agree",4,IF('Cleaned Responses'!J4="Strongly agree",5,""))))) -> 4 | G4: =IF('Cleaned Responses'!K4="Strongly disagree",1,IF('Cleaned Responses'!K4="Disagree",2,IF('Cleaned Responses'!K4="Neutral",3,IF('Cleaned Responses'!K4="Agree",4,IF('Cleaned Responses'!K4="Strongly agree",5,""))))) -> 4 | H4: =IF('Cleaned Responses'!L4="Strongly disagree",1,IF('Cleaned Responses'!L4="Disagree",2,IF('Cleaned Responses'!L4="Neutral",3,IF('Cleaned Responses'!L4="Agree",4,IF('Cleaned Responses'!L4="Strongly agree",5,""))))) -> 5 | I4: =IF('Cleaned Responses'!M4="Strongly disagree",1,IF('Cleaned Responses'!M4="Disagree",2,IF('Cleaned Responses'!M4="Neutral",3,IF('Cleaned Responses'!M4="Agree",4,IF('Cleaned Responses'!M4="Strongly agree",5,""))))) -> 4 | ... K4: =IF('Cleaned Responses'!O4="Strongly disagree",1,IF('Cleaned Responses'!O4="Disagree",2,IF('Cleaned Responses'!O4="Neutral",3,IF('Cleaned Responses'!O4="Agree",4,IF('Cleaned Responses'!O4="Strongly agree",5,""))))) -> 5
A5: 4 | B5: =IF('Cleaned Responses'!F5="Strongly disagree",1,IF('Cleaned Responses'!F5="Disagree",2,IF('Cleaned Responses'!F5="Neutral",3,IF('Cleaned Responses'!F5="Agree",4,IF('Cleaned Responses'!F5="Strongly agree",5,""))))) -> 4 | C5: =IF('Cleaned Responses'!G5="Strongly disagree",1,IF('Cleaned Responses'!G5="Disagree",2,IF('Cleaned Responses'!G5="Neutral",3,IF('Cleaned Responses'!G5="Agree",4,IF('Cleaned Responses'!G5="Strongly agree",5,""))))) -> 4 | D5: =IF('Cleaned Responses'!H5="Strongly disagree",1,IF('Cleaned Responses'!H5="Disagree",2,IF('Cleaned Responses'!H5="Neutral",3,IF('Cleaned Responses'!H5="Agree",4,IF('Cleaned Responses'!H5="Strongly agree",5,""))))) -> 5 | E5: =IF('Cleaned Responses'!I5="Strongly disagree",1,IF('Cleaned Responses'!I5="Disagree",2,IF('Cleaned Responses'!I5="Neutral",3,IF('Cleaned Responses'!I5="Agree",4,IF('Cleaned Responses'!I5="Strongly agree",5,""))))) -> 5 | F5: =IF('Cleaned Responses'!J5="Strongly disagree",1,IF('Cleaned Responses'!J5="Disagree",2,IF('Cleaned Responses'!J5="Neutral",3,IF('Cleaned Responses'!J5="Agree",4,IF('Cleaned Responses'!J5="Strongly agree",5,""))))) -> 4 | G5: =IF('Cleaned Responses'!K5="Strongly disagree",1,IF('Cleaned Responses'!K5="Disagree",2,IF('Cleaned Responses'!K5="Neutral",3,IF('Cleaned Responses'!K5="Agree",4,IF('Cleaned Responses'!K5="Strongly agree",5,""))))) -> 5 | H5: =IF('Cleaned Responses'!L5="Strongly disagree",1,IF('Cleaned Responses'!L5="Disagree",2,IF('Cleaned Responses'!L5="Neutral",3,IF('Cleaned Responses'!L5="Agree",4,IF('Cleaned Responses'!L5="Strongly agree",5,""))))) -> 4 | I5: =IF('Cleaned Responses'!M5="Strongly disagree",1,IF('Cleaned Responses'!M5="Disagree",2,IF('Cleaned Responses'!M5="Neutral",3,IF('Cleaned Responses'!M5="Agree",4,IF('Cleaned Responses'!M5="Strongly agree",5,""))))) -> 5 | ... K5: =IF('Cleaned Responses'!O5="Strongly disagree",1,IF('Cleaned Responses'!O5="Disagree",2,IF('Cleaned Responses'!O5="Neutral",3,IF('Cleaned Responses'!O5="Agree",4,IF('Cleaned Responses'!O5="Strongly agree",5,""))))) -> 5
A6: 5 | B6: =IF('Cleaned Responses'!F6="Strongly disagree",1,IF('Cleaned Responses'!F6="Disagree",2,IF('Cleaned Responses'!F6="Neutral",3,IF('Cleaned Responses'!F6="Agree",4,IF('Cleaned Responses'!F6="Strongly agree",5,""))))) -> 3 | C6: =IF('Cleaned Responses'!G6="Strongly disagree",1,IF('Cleaned Responses'!G6="Disagree",2,IF('Cleaned Responses'!G6="Neutral",3,IF('Cleaned Responses'!G6="Agree",4,IF('Cleaned Responses'!G6="Strongly agree",5,""))))) -> 4 | D6: =IF('Cleaned Responses'!H6="Strongly disagree",1,IF('Cleaned Responses'!H6="Disagree",2,IF('Cleaned Responses'!H6="Neutral",3,IF('Cleaned Responses'!H6="Agree",4,IF('Cleaned Responses'!H6="Strongly agree",5,""))))) -> 2 | E6: =IF('Cleaned Responses'!I6="Strongly disagree",1,IF('Cleaned Responses'!I6="Disagree",2,IF('Cleaned Responses'!I6="Neutral",3,IF('Cleaned Responses'!I6="Agree",4,IF('Cleaned Responses'!I6="Strongly agree",5,""))))) -> 4 | F6: =IF('Cleaned Responses'!J6="Strongly disagree",1,IF('Cleaned Responses'!J6="Disagree",2,IF('Cleaned Responses'!J6="Neutral",3,IF('Cleaned Responses'!J6="Agree",4,IF('Cleaned Responses'!J6="Strongly agree",5,""))))) -> 3 | G6: =IF('Cleaned Responses'!K6="Strongly disagree",1,IF('Cleaned Responses'!K6="Disagree",2,IF('Cleaned Responses'!K6="Neutral",3,IF('Cleaned Responses'!K6="Agree",4,IF('Cleaned Responses'!K6="Strongly agree",5,""))))) -> 3 | H6: =IF('Cleaned Responses'!L6="Strongly disagree",1,IF('Cleaned Responses'!L6="Disagree",2,IF('Cleaned Responses'!L6="Neutral",3,IF('Cleaned Responses'!L6="Agree",4,IF('Cleaned Responses'!L6="Strongly agree",5,""))))) -> 4 | I6: =IF('Cleaned Responses'!M6="Strongly disagree",1,IF('Cleaned Responses'!M6="Disagree",2,IF('Cleaned Responses'!M6="Neutral",3,IF('Cleaned Responses'!M6="Agree",4,IF('Cleaned Responses'!M6="Strongly agree",5,""))))) -> 4 | ... K6: =IF('Cleaned Responses'!O6="Strongly disagree",1,IF('Cleaned Responses'!O6="Disagree",2,IF('Cleaned Responses'!O6="Neutral",3,IF('Cleaned Responses'!O6="Agree",4,IF('Cleaned Responses'!O6="Strongly agree",5,""))))) -> 5
A7: 6 | B7: =IF('Cleaned Responses'!F7="Strongly disagree",1,IF('Cleaned Responses'!F7="Disagree",2,IF('Cleaned Responses'!F7="Neutral",3,IF('Cleaned Responses'!F7="Agree",4,IF('Cleaned Responses'!F7="Strongly agree",5,""))))) -> 4 | C7: =IF('Cleaned Responses'!G7="Strongly disagree",1,IF('Cleaned Responses'!G7="Disagree",2,IF('Cleaned Responses'!G7="Neutral",3,IF('Cleaned Responses'!G7="Agree",4,IF('Cleaned Responses'!G7="Strongly agree",5,""))))) -> 5 | D7: =IF('Cleaned Responses'!H7="Strongly disagree",1,IF('Cleaned Responses'!H7="Disagree",2,IF('Cleaned Responses'!H7="Neutral",3,IF('Cleaned Responses'!H7="Agree",4,IF('Cleaned Responses'!H7="Strongly agree",5,""))))) -> 4 | E7: =IF('Cleaned Responses'!I7="Strongly disagree",1,IF('Cleaned Responses'!I7="Disagree",2,IF('Cleaned Responses'!I7="Neutral",3,IF('Cleaned Responses'!I7="Agree",4,IF('Cleaned Responses'!I7="Strongly agree",5,""))))) -> 4 | F7: =IF('Cleaned Responses'!J7="Strongly disagree",1,IF('Cleaned Responses'!J7="Disagree",2,IF('Cleaned Responses'!J7="Neutral",3,IF('Cleaned Responses'!J7="Agree",4,IF('Cleaned Responses'!J7="Strongly agree",5,""))))) -> 4 | G7: =IF('Cleaned Responses'!K7="Strongly disagree",1,IF('Cleaned Responses'!K7="Disagree",2,IF('Cleaned Responses'!K7="Neutral",3,IF('Cleaned Responses'!K7="Agree",4,IF('Cleaned Responses'!K7="Strongly agree",5,""))))) -> 4 | H7: =IF('Cleaned Responses'!L7="Strongly disagree",1,IF('Cleaned Responses'!L7="Disagree",2,IF('Cleaned Responses'!L7="Neutral",3,IF('Cleaned Responses'!L7="Agree",4,IF('Cleaned Responses'!L7="Strongly agree",5,""))))) -> 4 | I7: =IF('Cleaned Responses'!M7="Strongly disagree",1,IF('Cleaned Responses'!M7="Disagree",2,IF('Cleaned Responses'!M7="Neutral",3,IF('Cleaned Responses'!M7="Agree",4,IF('Cleaned Responses'!M7="Strongly agree",5,""))))) -> 4 | ... K7: =IF('Cleaned Responses'!O7="Strongly disagree",1,IF('Cleaned Responses'!O7="Disagree",2,IF('Cleaned Responses'!O7="Neutral",3,IF('Cleaned Responses'!O7="Agree",4,IF('Cleaned Responses'!O7="Strongly agree",5,""))))) -> 4
A8: 7 | B8: =IF('Cleaned Responses'!F8="Strongly disagree",1,IF('Cleaned Responses'!F8="Disagree",2,IF('Cleaned Responses'!F8="Neutral",3,IF('Cleaned Responses'!F8="Agree",4,IF('Cleaned Responses'!F8="Strongly agree",5,""))))) -> 3 | C8: =IF('Cleaned Responses'!G8="Strongly disagree",1,IF('Cleaned Responses'!G8="Disagree",2,IF('Cleaned Responses'!G8="Neutral",3,IF('Cleaned Responses'!G8="Agree",4,IF('Cleaned Responses'!G8="Strongly agree",5,""))))) -> 5 | D8: =IF('Cleaned Responses'!H8="Strongly disagree",1,IF('Cleaned Responses'!H8="Disagree",2,IF('Cleaned Responses'!H8="Neutral",3,IF('Cleaned Responses'!H8="Agree",4,IF('Cleaned Responses'!H8="Strongly agree",5,""))))) -> 5 | E8: =IF('Cleaned Responses'!I8="Strongly disagree",1,IF('Cleaned Responses'!I8="Disagree",2,IF('Cleaned Responses'!I8="Neutral",3,IF('Cleaned Responses'!I8="Agree",4,IF('Cleaned Responses'!I8="Strongly agree",5,""))))) -> 4 | F8: =IF('Cleaned Responses'!J8="Strongly disagree",1,IF('Cleaned Responses'!J8="Disagree",2,IF('Cleaned Responses'!J8="Neutral",3,IF('Cleaned Responses'!J8="Agree",4,IF('Cleaned Responses'!J8="Strongly agree",5,""))))) -> 3 | G8: =IF('Cleaned Responses'!K8="Strongly disagree",1,IF('Cleaned Responses'!K8="Disagree",2,IF('Cleaned Responses'!K8="Neutral",3,IF('Cleaned Responses'!K8="Agree",4,IF('Cleaned Responses'!K8="Strongly agree",5,""))))) -> 5 | H8: =IF('Cleaned Responses'!L8="Strongly disagree",1,IF('Cleaned Responses'!L8="Disagree",2,IF('Cleaned Responses'!L8="Neutral",3,IF('Cleaned Responses'!L8="Agree",4,IF('Cleaned Responses'!L8="Strongly agree",5,""))))) -> 4 | I8: =IF('Cleaned Responses'!M8="Strongly disagree",1,IF('Cleaned Responses'!M8="Disagree",2,IF('Cleaned Responses'!M8="Neutral",3,IF('Cleaned Responses'!M8="Agree",4,IF('Cleaned Responses'!M8="Strongly agree",5,""))))) -> 5 | ... K8: =IF('Cleaned Responses'!O8="Strongly disagree",1,IF('Cleaned Responses'!O8="Disagree",2,IF('Cleaned Responses'!O8="Neutral",3,IF('Cleaned Responses'!O8="Agree",4,IF('Cleaned Responses'!O8="Strongly agree",5,""))))) -> 5
A9: 8 | B9: =IF('Cleaned Responses'!F9="Strongly disagree",1,IF('Cleaned Responses'!F9="Disagree",2,IF('Cleaned Responses'!F9="Neutral",3,IF('Cleaned Responses'!F9="Agree",4,IF('Cleaned Responses'!F9="Strongly agree",5,""))))) -> 4 | C9: =IF('Cleaned Responses'!G9="Strongly disagree",1,IF('Cleaned Responses'!G9="Disagree",2,IF('Cleaned Responses'!G9="Neutral",3,IF('Cleaned Responses'!G9="Agree",4,IF('Cleaned Responses'!G9="Strongly agree",5,""))))) -> 3 | D9: =IF('Cleaned Responses'!H9="Strongly disagree",1,IF('Cleaned Responses'!H9="Disagree",2,IF('Cleaned Responses'!H9="Neutral",3,IF('Cleaned Responses'!H9="Agree",4,IF('Cleaned Responses'!H9="Strongly agree",5,""))))) -> 4 | E9: =IF('Cleaned Responses'!I9="Strongly disagree",1,IF('Cleaned Responses'!I9="Disagree",2,IF('Cleaned Responses'!I9="Neutral",3,IF('Cleaned Responses'!I9="Agree",4,IF('Cleaned Responses'!I9="Strongly agree",5,""))))) -> 3 | F9: =IF('Cleaned Responses'!J9="Strongly disagree",1,IF('Cleaned Responses'!J9="Disagree",2,IF('Cleaned Responses'!J9="Neutral",3,IF('Cleaned Responses'!J9="Agree",4,IF('Cleaned Responses'!J9="Strongly agree",5,""))))) -> 4 | G9: =IF('Cleaned Responses'!K9="Strongly disagree",1,IF('Cleaned Responses'!K9="Disagree",2,IF('Cleaned Responses'!K9="Neutral",3,IF('Cleaned Responses'!K9="Agree",4,IF('Cleaned Responses'!K9="Strongly agree",5,""))))) -> 4 | H9: =IF('Cleaned Responses'!L9="Strongly disagree",1,IF('Cleaned Responses'!L9="Disagree",2,IF('Cleaned Responses'!L9="Neutral",3,IF('Cleaned Responses'!L9="Agree",4,IF('Cleaned Responses'!L9="Strongly agree",5,""))))) -> 2 | I9: =IF('Cleaned Responses'!M9="Strongly disagree",1,IF('Cleaned Responses'!M9="Disagree",2,IF('Cleaned Responses'!M9="Neutral",3,IF('Cleaned Responses'!M9="Agree",4,IF('Cleaned Responses'!M9="Strongly agree",5,""))))) -> 3 | ... K9: =IF('Cleaned Responses'!O9="Strongly disagree",1,IF('Cleaned Responses'!O9="Disagree",2,IF('Cleaned Responses'!O9="Neutral",3,IF('Cleaned Responses'!O9="Agree",4,IF('Cleaned Responses'!O9="Strongly agree",5,""))))) -> 4
A10: 9 | B10: =IF('Cleaned Responses'!F10="Strongly disagree",1,IF('Cleaned Responses'!F10="Disagree",2,IF('Cleaned Responses'!F10="Neutral",3,IF('Cleaned Responses'!F10="Agree",4,IF('Cleaned Responses'!F10="Strongly agree",5,""))))) -> 5 | C10: =IF('Cleaned Responses'!G10="Strongly disagree",1,IF('Cleaned Responses'!G10="Disagree",2,IF('Cleaned Responses'!G10="Neutral",3,IF('Cleaned Responses'!G10="Agree",4,IF('Cleaned Responses'!G10="Strongly agree",5,""))))) -> 4 | D10: =IF('Cleaned Responses'!H10="Strongly disagree",1,IF('Cleaned Responses'!H10="Disagree",2,IF('Cleaned Responses'!H10="Neutral",3,IF('Cleaned Responses'!H10="Agree",4,IF('Cleaned Responses'!H10="Strongly agree",5,""))))) -> 4 | E10: =IF('Cleaned Responses'!I10="Strongly disagree",1,IF('Cleaned Responses'!I10="Disagree",2,IF('Cleaned Responses'!I10="Neutral",3,IF('Cleaned Responses'!I10="Agree",4,IF('Cleaned Responses'!I10="Strongly agree",5,""))))) -> 4 | F10: =IF('Cleaned Responses'!J10="Strongly disagree",1,IF('Cleaned Responses'!J10="Disagree",2,IF('Cleaned Responses'!J10="Neutral",3,IF('Cleaned Responses'!J10="Agree",4,IF('Cleaned Responses'!J10="Strongly agree",5,""))))) -> 3 | G10: =IF('Cleaned Responses'!K10="Strongly disagree",1,IF('Cleaned Responses'!K10="Disagree",2,IF('Cleaned Responses'!K10="Neutral",3,IF('Cleaned Responses'!K10="Agree",4,IF('Cleaned Responses'!K10="Strongly agree",5,""))))) -> 4 | H10: =IF('Cleaned Responses'!L10="Strongly disagree",1,IF('Cleaned Responses'!L10="Disagree",2,IF('Cleaned Responses'!L10="Neutral",3,IF('Cleaned Responses'!L10="Agree",4,IF('Cleaned Responses'!L10="Strongly agree",5,""))))) -> 4 | I10: =IF('Cleaned Responses'!M10="Strongly disagree",1,IF('Cleaned Responses'!M10="Disagree",2,IF('Cleaned Responses'!M10="Neutral",3,IF('Cleaned Responses'!M10="Agree",4,IF('Cleaned Responses'!M10="Strongly agree",5,""))))) -> 5 | ... K10: =IF('Cleaned Responses'!O10="Strongly disagree",1,IF('Cleaned Responses'!O10="Disagree",2,IF('Cleaned Responses'!O10="Neutral",3,IF('Cleaned Responses'!O10="Agree",4,IF('Cleaned Responses'!O10="Strongly agree",5,""))))) -> 5
A11: 10 | B11: =IF('Cleaned Responses'!F11="Strongly disagree",1,IF('Cleaned Responses'!F11="Disagree",2,IF('Cleaned Responses'!F11="Neutral",3,IF('Cleaned Responses'!F11="Agree",4,IF('Cleaned Responses'!F11="Strongly agree",5,""))))) -> 4 | C11: =IF('Cleaned Responses'!G11="Strongly disagree",1,IF('Cleaned Responses'!G11="Disagree",2,IF('Cleaned Responses'!G11="Neutral",3,IF('Cleaned Responses'!G11="Agree",4,IF('Cleaned Responses'!G11="Strongly agree",5,""))))) -> 4 | D11: =IF('Cleaned Responses'!H11="Strongly disagree",1,IF('Cleaned Responses'!H11="Disagree",2,IF('Cleaned Responses'!H11="Neutral",3,IF('Cleaned Responses'!H11="Agree",4,IF('Cleaned Responses'!H11="Strongly agree",5,""))))) -> 4 | E11: =IF('Cleaned Responses'!I11="Strongly disagree",1,IF('Cleaned Responses'!I11="Disagree",2,IF('Cleaned Responses'!I11="Neutral",3,IF('Cleaned Responses'!I11="Agree",4,IF('Cleaned Responses'!I11="Strongly agree",5,""))))) -> 4 | F11: =IF('Cleaned Responses'!J11="Strongly disagree",1,IF('Cleaned Responses'!J11="Disagree",2,IF('Cleaned Responses'!J11="Neutral",3,IF('Cleaned Responses'!J11="Agree",4,IF('Cleaned Responses'!J11="Strongly agree",5,""))))) -> 3 | G11: =IF('Cleaned Responses'!K11="Strongly disagree",1,IF('Cleaned Responses'!K11="Disagree",2,IF('Cleaned Responses'!K11="Neutral",3,IF('Cleaned Responses'!K11="Agree",4,IF('Cleaned Responses'!K11="Strongly agree",5,""))))) -> 5 | H11: =IF('Cleaned Responses'!L11="Strongly disagree",1,IF('Cleaned Responses'!L11="Disagree",2,IF('Cleaned Responses'!L11="Neutral",3,IF('Cleaned Responses'!L11="Agree",4,IF('Cleaned Responses'!L11="Strongly agree",5,""))))) -> 3 | I11: =IF('Cleaned Responses'!M11="Strongly disagree",1,IF('Cleaned Responses'!M11="Disagree",2,IF('Cleaned Responses'!M11="Neutral",3,IF('Cleaned Responses'!M11="Agree",4,IF('Cleaned Responses'!M11="Strongly agree",5,""))))) -> 4 | ... K11: =IF('Cleaned Responses'!O11="Strongly disagree",1,IF('Cleaned Responses'!O11="Disagree",2,IF('Cleaned Responses'!O11="Neutral",3,IF('Cleaned Responses'!O11="Agree",4,IF('Cleaned Responses'!O11="Strongly agree",5,""))))) -> 4
A12: 11 | B12: =IF('Cleaned Responses'!F12="Strongly disagree",1,IF('Cleaned Responses'!F12="Disagree",2,IF('Cleaned Responses'!F12="Neutral",3,IF('Cleaned Responses'!F12="Agree",4,IF('Cleaned Responses'!F12="Strongly agree",5,""))))) -> 3 | C12: =IF('Cleaned Responses'!G12="Strongly disagree",1,IF('Cleaned Responses'!G12="Disagree",2,IF('Cleaned Responses'!G12="Neutral",3,IF('Cleaned Responses'!G12="Agree",4,IF('Cleaned Responses'!G12="Strongly agree",5,""))))) -> 3 | D12: =IF('Cleaned Responses'!H12="Strongly disagree",1,IF('Cleaned Responses'!H12="Disagree",2,IF('Cleaned Responses'!H12="Neutral",3,IF('Cleaned Responses'!H12="Agree",4,IF('Cleaned Responses'!H12="Strongly agree",5,""))))) -> 3 | E12: =IF('Cleaned Responses'!I12="Strongly disagree",1,IF('Cleaned Responses'!I12="Disagree",2,IF('Cleaned Responses'!I12="Neutral",3,IF('Cleaned Responses'!I12="Agree",4,IF('Cleaned Responses'!I12="Strongly agree",5,""))))) -> 3 | F12: =IF('Cleaned Responses'!J12="Strongly disagree",1,IF('Cleaned Responses'!J12="Disagree",2,IF('Cleaned Responses'!J12="Neutral",3,IF('Cleaned Responses'!J12="Agree",4,IF('Cleaned Responses'!J12="Strongly agree",5,""))))) -> 3 | G12: =IF('Cleaned Responses'!K12="Strongly disagree",1,IF('Cleaned Responses'!K12="Disagree",2,IF('Cleaned Responses'!K12="Neutral",3,IF('Cleaned Responses'!K12="Agree",4,IF('Cleaned Responses'!K12="Strongly agree",5,""))))) -> 3 | H12: =IF('Cleaned Responses'!L12="Strongly disagree",1,IF('Cleaned Responses'!L12="Disagree",2,IF('Cleaned Responses'!L12="Neutral",3,IF('Cleaned Responses'!L12="Agree",4,IF('Cleaned Responses'!L12="Strongly agree",5,""))))) -> 3 | I12: =IF('Cleaned Responses'!M12="Strongly disagree",1,IF('Cleaned Responses'!M12="Disagree",2,IF('Cleaned Responses'!M12="Neutral",3,IF('Cleaned Responses'!M12="Agree",4,IF('Cleaned Responses'!M12="Strongly agree",5,""))))) -> 3 | ... K12: =IF('Cleaned Responses'!O12="Strongly disagree",1,IF('Cleaned Responses'!O12="Disagree",2,IF('Cleaned Responses'!O12="Neutral",3,IF('Cleaned Responses'!O12="Agree",4,IF('Cleaned Responses'!O12="Strongly agree",5,""))))) -> 3
A13: 12 | B13: =IF('Cleaned Responses'!F13="Strongly disagree",1,IF('Cleaned Responses'!F13="Disagree",2,IF('Cleaned Responses'!F13="Neutral",3,IF('Cleaned Responses'!F13="Agree",4,IF('Cleaned Responses'!F13="Strongly agree",5,""))))) -> 4 | C13: =IF('Cleaned Responses'!G13="Strongly disagree",1,IF('Cleaned Responses'!G13="Disagree",2,IF('Cleaned Responses'!G13="Neutral",3,IF('Cleaned Responses'!G13="Agree",4,IF('Cleaned Responses'!G13="Strongly agree",5,""))))) -> 3 | D13: =IF('Cleaned Responses'!H13="Strongly disagree",1,IF('Cleaned Responses'!H13="Disagree",2,IF('Cleaned Responses'!H13="Neutral",3,IF('Cleaned Responses'!H13="Agree",4,IF('Cleaned Responses'!H13="Strongly agree",5,""))))) -> 3 | E13: =IF('Cleaned Responses'!I13="Strongly disagree",1,IF('Cleaned Responses'!I13="Disagree",2,IF('Cleaned Responses'!I13="Neutral",3,IF('Cleaned Responses'!I13="Agree",4,IF('Cleaned Responses'!I13="Strongly agree",5,""))))) -> 3 | F13: =IF('Cleaned Responses'!J13="Strongly disagree",1,IF('Cleaned Responses'!J13="Disagree",2,IF('Cleaned Responses'!J13="Neutral",3,IF('Cleaned Responses'!J13="Agree",4,IF('Cleaned Responses'!J13="Strongly agree",5,""))))) -> 3 | G13: =IF('Cleaned Responses'!K13="Strongly disagree",1,IF('Cleaned Responses'!K13="Disagree",2,IF('Cleaned Responses'!K13="Neutral",3,IF('Cleaned Responses'!K13="Agree",4,IF('Cleaned Responses'!K13="Strongly agree",5,""))))) -> 3 | H13: =IF('Cleaned Responses'!L13="Strongly disagree",1,IF('Cleaned Responses'!L13="Disagree",2,IF('Cleaned Responses'!L13="Neutral",3,IF('Cleaned Responses'!L13="Agree",4,IF('Cleaned Responses'!L13="Strongly agree",5,""))))) -> 3 | I13: =IF('Cleaned Responses'!M13="Strongly disagree",1,IF('Cleaned Responses'!M13="Disagree",2,IF('Cleaned Responses'!M13="Neutral",3,IF('Cleaned Responses'!M13="Agree",4,IF('Cleaned Responses'!M13="Strongly agree",5,""))))) -> 3 | ... K13: =IF('Cleaned Responses'!O13="Strongly disagree",1,IF('Cleaned Responses'!O13="Disagree",2,IF('Cleaned Responses'!O13="Neutral",3,IF('Cleaned Responses'!O13="Agree",4,IF('Cleaned Responses'!O13="Strongly agree",5,""))))) -> 4
... A24: 23 | B24: =IF('Cleaned Responses'!F24="Strongly disagree",1,IF('Cleaned Responses'!F24="Disagree",2,IF('Cleaned Responses'!F24="Neutral",3,IF('Cleaned Responses'!F24="Agree",4,IF('Cleaned Responses'!F24="Strongly agree",5,""))))) -> 4 | C24: =IF('Cleaned Responses'!G24="Strongly disagree",1,IF('Cleaned Responses'!G24="Disagree",2,IF('Cleaned Responses'!G24="Neutral",3,IF('Cleaned Responses'!G24="Agree",4,IF('Cleaned Responses'!G24="Strongly agree",5,""))))) -> 5 | D24: =IF('Cleaned Responses'!H24="Strongly disagree",1,IF('Cleaned Responses'!H24="Disagree",2,IF('Cleaned Responses'!H24="Neutral",3,IF('Cleaned Responses'!H24="Agree",4,IF('Cleaned Responses'!H24="Strongly agree",5,""))))) -> 5 | E24: =IF('Cleaned Responses'!I24="Strongly disagree",1,IF('Cleaned Responses'!I24="Disagree",2,IF('Cleaned Responses'!I24="Neutral",3,IF('Cleaned Responses'!I24="Agree",4,IF('Cleaned Responses'!I24="Strongly agree",5,""))))) -> 3 | F24: =IF('Cleaned Responses'!J24="Strongly disagree",1,IF('Cleaned Responses'!J24="Disagree",2,IF('Cleaned Responses'!J24="Neutral",3,IF('Cleaned Responses'!J24="Agree",4,IF('Cleaned Responses'!J24="Strongly agree",5,""))))) -> 3 | G24: =IF('Cleaned Responses'!K24="Strongly disagree",1,IF('Cleaned Responses'!K24="Disagree",2,IF('Cleaned Responses'!K24="Neutral",3,IF('Cleaned Responses'!K24="Agree",4,IF('Cleaned Responses'!K24="Strongly agree",5,""))))) -> 5 | H24: =IF('Cleaned Responses'!L24="Strongly disagree",1,IF('Cleaned Responses'!L24="Disagree",2,IF('Cleaned Responses'!L24="Neutral",3,IF('Cleaned Responses'!L24="Agree",4,IF('Cleaned Responses'!L24="Strongly agree",5,""))))) -> 4 | I24: =IF('Cleaned Responses'!M24="Strongly disagree",1,IF('Cleaned Responses'!M24="Disagree",2,IF('Cleaned Responses'!M24="Neutral",3,IF('Cleaned Responses'!M24="Agree",4,IF('Cleaned Responses'!M24="Strongly agree",5,""))))) -> 5 | ... K24: =IF('Cleaned Responses'!O24="Strongly disagree",1,IF('Cleaned Responses'!O24="Disagree",2,IF('Cleaned Responses'!O24="Neutral",3,IF('Cleaned Responses'!O24="Agree",4,IF('Cleaned Responses'!O24="Strongly agree",5,""))))) -> 5

Sheet Likert Summary
A1: Question | B1: Strongly disagree | C1: Disagree | D1: Neutral | E1: Agree | F1: Strongly agree | G1: Agree + Strongly agree % | H1: Mean | I1: Median | K1: Question | L1: Full wording
A2: Q1 | B2: =COUNTIF('Cleaned Responses'!$F$2:$F$24,"Strongly disagree") -> 1 | C2: =COUNTIF('Cleaned Responses'!$F$2:$F$24,"Disagree") -> 0 | D2: =COUNTIF('Cleaned Responses'!$F$2:$F$24,"Neutral") -> 6 | E2: =COUNTIF('Cleaned Responses'!$F$2:$F$24,"Agree") -> 12 | F2: =COUNTIF('Cleaned Responses'!$F$2:$F$24,"Strongly agree") -> 4 | G2: =(E2+F2)/23 -> 0.69565217 | H2: =AVERAGE('Likert Scores'!$B$2:$B$24) -> 3.7826087 | I2: =MEDIAN('Likert Scores'!$B$2:$B$24) -> 4 | K2: Q1 | L2: 1. Predictive accuracy is one of the most important factors when selecting a credit-risk model.
A3: Q2 | B3: =COUNTIF('Cleaned Responses'!$G$2:$G$24,"Strongly disagree") -> 0 | C3: =COUNTIF('Cleaned Responses'!$G$2:$G$24,"Disagree") -> 0 | D3: =COUNTIF('Cleaned Responses'!$G$2:$G$24,"Neutral") -> 3 | E3: =COUNTIF('Cleaned Responses'!$G$2:$G$24,"Agree") -> 13 | F3: =COUNTIF('Cleaned Responses'!$G$2:$G$24,"Strongly agree") -> 7 | G3: =(E3+F3)/23 -> 0.86956522 | H3: =AVERAGE('Likert Scores'!$C$2:$C$24) -> 4.173913 | I3: =MEDIAN('Likert Scores'!$C$2:$C$24) -> 4 | K3: Q2 | L3: 2. I would be less willing to trust a highly accurate model if I could not understand how it reached its decisions.
A4: Q3 | B4: =COUNTIF('Cleaned Responses'!$H$2:$H$24,"Strongly disagree") -> 0 | C4: =COUNTIF('Cleaned Responses'!$H$2:$H$24,"Disagree") -> 1 | D4: =COUNTIF('Cleaned Responses'!$H$2:$H$24,"Neutral") -> 3 | E4: =COUNTIF('Cleaned Responses'!$H$2:$H$24,"Agree") -> 8 | F4: =COUNTIF('Cleaned Responses'!$H$2:$H$24,"Strongly agree") -> 11 | G4: =(E4+F4)/23 -> 0.82608696 | H4: =AVERAGE('Likert Scores'!$D$2:$D$24) -> 4.2608696 | I4: =MEDIAN('Likert Scores'!$D$2:$D$24) -> 4 | K4: Q3 | L4: 3. Explainability is especially important when a model rejects a borrower or predicts a high risk of default.
A5: Q4 | B5: =COUNTIF('Cleaned Responses'!$I$2:$I$24,"Strongly disagree") -> 0 | C5: =COUNTIF('Cleaned Responses'!$I$2:$I$24,"Disagree") -> 2 | D5: =COUNTIF('Cleaned Responses'!$I$2:$I$24,"Neutral") -> 10 | E5: =COUNTIF('Cleaned Responses'!$I$2:$I$24,"Agree") -> 8 | F5: =COUNTIF('Cleaned Responses'!$I$2:$I$24,"Strongly agree") -> 3 | G5: =(E5+F5)/23 -> 0.47826087 | H5: =AVERAGE('Likert Scores'!$E$2:$E$24) -> 3.5217391 | I5: =MEDIAN('Likert Scores'!$E$2:$E$24) -> 3 | K5: Q4 | L5: 4. Simpler models such as Logistic Regression may be preferable when their predictive performance is close to that of more complex models.
A6: Q5 | B6: =COUNTIF('Cleaned Responses'!$J$2:$J$24,"Strongly disagree") -> 0 | C6: =COUNTIF('Cleaned Responses'!$J$2:$J$24,"Disagree") -> 0 | D6: =COUNTIF('Cleaned Responses'!$J$2:$J$24,"Neutral") -> 10 | E6: =COUNTIF('Cleaned Responses'!$J$2:$J$24,"Agree") -> 10 | F6: =COUNTIF('Cleaned Responses'!$J$2:$J$24,"Strongly agree") -> 3 | G6: =(E6+F6)/23 -> 0.56521739 | H6: =AVERAGE('Likert Scores'!$F$2:$F$24) -> 3.6956522 | I6: =MEDIAN('Likert Scores'!$F$2:$F$24) -> 4 | K6: Q5 | L6: 5. Explainability tools such as SHAP can make complex machine-learning models more useful in financial decision-making.
A7: Q6 | B7: =COUNTIF('Cleaned Responses'!$K$2:$K$24,"Strongly disagree") -> 0 | C7: =COUNTIF('Cleaned Responses'!$K$2:$K$24,"Disagree") -> 0 | D7: =COUNTIF('Cleaned Responses'!$K$2:$K$24,"Neutral") -> 3 | E7: =COUNTIF('Cleaned Responses'!$K$2:$K$24,"Agree") -> 12 | F7: =COUNTIF('Cleaned Responses'!$K$2:$K$24,"Strongly agree") -> 8 | G7: =(E7+F7)/23 -> 0.86956522 | H7: =AVERAGE('Likert Scores'!$G$2:$G$24) -> 4.2173913 | I7: =MEDIAN('Likert Scores'!$G$2:$G$24) -> 4 | K7: Q6 | L7: 6. Consistency between different explanation methods would increase my confidence in a model.
A8: Q7 | B8: =COUNTIF('Cleaned Responses'!$L$2:$L$24,"Strongly disagree") -> 0 | C8: =COUNTIF('Cleaned Responses'!$L$2:$L$24,"Disagree") -> 1 | D8: =COUNTIF('Cleaned Responses'!$L$2:$L$24,"Neutral") -> 5 | E8: =COUNTIF('Cleaned Responses'!$L$2:$L$24,"Agree") -> 12 | F8: =COUNTIF('Cleaned Responses'!$L$2:$L$24,"Strongly agree") -> 5 | G8: =(E8+F8)/23 -> 0.73913043 | H8: =AVERAGE('Likert Scores'!$H$2:$H$24) -> 3.9130435 | I8: =MEDIAN('Likert Scores'!$H$2:$H$24) -> 4 | K8: Q7 | L8: 7. Credit-score information such as FICO is important when evaluating credit risk.
A9: Q8 | B9: =COUNTIF('Cleaned Responses'!$M$2:$M$24,"Strongly disagree") -> 0 | C9: =COUNTIF('Cleaned Responses'!$M$2:$M$24,"Disagree") -> 0 | D9: =COUNTIF('Cleaned Responses'!$M$2:$M$24,"Neutral") -> 3 | E9: =COUNTIF('Cleaned Responses'!$M$2:$M$24,"Agree") -> 8 | F9: =COUNTIF('Cleaned Responses'!$M$2:$M$24,"Strongly agree") -> 12 | G9: =(E9+F9)/23 -> 0.86956522 | H9: =AVERAGE('Likert Scores'!$I$2:$I$24) -> 4.3913043 | I9: =MEDIAN('Likert Scores'!$I$2:$I$24) -> 5 | K9: Q8 | L9: 8. False negatives—failing to identify an actual default—are a serious concern in credit-risk modelling.
A10: Q9 | B10: =COUNTIF('Cleaned Responses'!$N$2:$N$24,"Strongly disagree") -> 0 | C10: =COUNTIF('Cleaned Responses'!$N$2:$N$24,"Disagree") -> 1 | D10: =COUNTIF('Cleaned Responses'!$N$2:$N$24,"Neutral") -> 3 | E10: =COUNTIF('Cleaned Responses'!$N$2:$N$24,"Agree") -> 9 | F10: =COUNTIF('Cleaned Responses'!$N$2:$N$24,"Strongly agree") -> 10 | G10: =(E10+F10)/23 -> 0.82608696 | H10: =AVERAGE('Likert Scores'!$J$2:$J$24) -> 4.2173913 | I10: =MEDIAN('Likert Scores'!$J$2:$J$24) -> 4 | K10: Q9 | L10: 9. False positives—incorrectly classifying a reliable borrower as high risk—are also an important concern.
A11: Q10 | B11: =COUNTIF('Cleaned Responses'!$O$2:$O$24,"Strongly disagree") -> 0 | C11: =COUNTIF('Cleaned Responses'!$O$2:$O$24,"Disagree") -> 0 | D11: =COUNTIF('Cleaned Responses'!$O$2:$O$24,"Neutral") -> 2 | E11: =COUNTIF('Cleaned Responses'!$O$2:$O$24,"Agree") -> 8 | F11: =COUNTIF('Cleaned Responses'!$O$2:$O$24,"Strongly agree") -> 13 | G11: =(E11+F11)/23 -> 0.91304348 | H11: =AVERAGE('Likert Scores'!$K$2:$K$24) -> 4.4782609 | I11: =MEDIAN('Likert Scores'!$K$2:$K$24) -> 5 | K11: Q10 | L11: 10. Human review should remain part of important credit decisions even when machine-learning models are used.

Sheet Participant Summary
A1: Professional Area | B1: Count | C1: Percent | E1: Experience | F1: Count | G1: Percent | I1: ML Familiarity | J1: Count | K1: Percent
A2: Data analytics/data science | B2: =COUNTIF('Cleaned Responses'!$C$2:$C$24,A2) -> 11 | C2: =B2/23 -> 0.47826087 | E2: Less than 1 year | F2: =COUNTIF('Cleaned Responses'!$D$2:$D$24,E2) -> 4 | G2: =F2/23 -> 0.17391304 | I2: 1 | J2: =COUNTIF('Cleaned Responses'!$E$2:$E$24,I2) -> 1 | K2: =J2/23 -> 0.043478261
A3: Audit/compliance | B3: =COUNTIF('Cleaned Responses'!$C$2:$C$24,A3) -> 4 | C3: =B3/23 -> 0.17391304 | E3: 1–3 years | F3: =COUNTIF('Cleaned Responses'!$D$2:$D$24,E3) -> 6 | G3: =F3/23 -> 0.26086957 | I3: 2 | J3: =COUNTIF('Cleaned Responses'!$E$2:$E$24,I3) -> 1 | K3: =J3/23 -> 0.043478261
A4: Banking/finance | B4: =COUNTIF('Cleaned Responses'!$C$2:$C$24,A4) -> 3 | C4: =B4/23 -> 0.13043478 | E4: 4–6 years | F4: =COUNTIF('Cleaned Responses'!$D$2:$D$24,E4) -> 5 | G4: =F4/23 -> 0.2173913 | I4: 3 | J4: =COUNTIF('Cleaned Responses'!$E$2:$E$24,I4) -> 5 | K4: =J4/23 -> 0.2173913
A5: Risk management | B5: =COUNTIF('Cleaned Responses'!$C$2:$C$24,A5) -> 3 | C5: =B5/23 -> 0.13043478 | E5: 7–10 years | F5: =COUNTIF('Cleaned Responses'!$D$2:$D$24,E5) -> 6 | G5: =F5/23 -> 0.26086957 | I5: 4 | J5: =COUNTIF('Cleaned Responses'!$E$2:$E$24,I5) -> 8 | K5: =J5/23 -> 0.34782609
A6: Credit analysis | B6: =COUNTIF('Cleaned Responses'!$C$2:$C$24,A6) -> 2 | C6: =B6/23 -> 0.086956522 | E6: More than 10 years | F6: =COUNTIF('Cleaned Responses'!$D$2:$D$24,E6) -> 2 | G6: =F6/23 -> 0.086956522 | I6: 5 | J6: =COUNTIF('Cleaned Responses'!$E$2:$E$24,I6) -> 8 | K6: =J6/23 -> 0.34782609
I8: ML Familiarity metric | J8: Value
I9: Mean | J9: =AVERAGE('Cleaned Responses'!$E$2:$E$24) -> 3.9130435
I10: Median | J10: =MEDIAN('Cleaned Responses'!$E$2:$E$24) -> 4

Sheet Open Responses
A1: Question | B1: Response | C1: Themes
A2: Q11 | B2: Explaining how the model reached that accuracy would be the most important information I need before I choose a model | C2: Transparency / decision logic; Performance metrics
A3: Q11 | B3: How the model is making decisions and how accurate the decisions are | C3: Transparency / decision logic; Performance metrics
A4: Q11 | B4: Transparency about data and methods | C4: Transparency / decision logic
A5: Q11 | B5: Transparency and stablity | C5: Transparency / decision logic; Stability / robustness
A6: Q11 | B6: Size of data, how much clean is the data. | C6: Data quality
A7: Q11 | B7: That the model is fair and transparent | C7: Transparency / decision logic; Fairness
A8: Q11 | B8: Decision threshold; mean F1 score, accuracy, and precision; feature importance values | C8: Performance metrics; Decision threshold; Feature importance / weighting
A9: Q11 | B9: I would like to know what the model is taking into account when making decisions and the different weights it assigns to each factor. | C9: Feature importance / weighting; Transparency / decision logic
A10: Q12 | B10: Adv would be gaining its users trust | C10: Trust
A11: Q12 | B11: Advantage: speed up the process. Disadvantage: can cause dependency | C11: Efficiency / speed / scale; Over-reliance / dependency
A12: Q12 | B12: Main advantage would be seeing how the model is predicting disadvantage would be there are not 100 percent accurate explainations | C12: Transparency / understanding; Explanation / model limitations
... A17: Q12 | B17: The main advantage would be speed and consistency. The main disadvantage would be a model making incorrect decisions. Especially bad if the person using the tool puts too much trust in the model and doesn’t review. | C17: Efficiency / speed / scale; Error risk; Over-reliance / dependency

Sheet Theme Analysis
A1: Q11 Theme | B1: Count | C1: % of Q11 open responses | D1: Interpretation | F1: Coding note
A2: Transparency / decision logic | B2: 6 | C2: 0.75 | D2: Multi-coded; one response may contribute to more than one theme. | F2: Open responses are multi-coded.
A3: Performance metrics | B3: 3 | C3: 0.375 | D3: Multi-coded; one response may contribute to more than one theme. | F3: Q11 n | G3: 8
A4: Feature importance / weighting | B4: 2 | C4: 0.25 | D4: Multi-coded; one response may contribute to more than one theme. | F4: Q12 n | G4: 8
A5: Data quality | B5: 1 | C5: 0.125 | D5: Multi-coded; one response may contribute to more than one theme.
A6: Stability / robustness | B6: 1 | C6: 0.125 | D6: Multi-coded; one response may contribute to more than one theme.
A7: Fairness | B7: 1 | C7: 0.125 | D7: Multi-coded; one response may contribute to more than one theme.
A8: Decision threshold | B8: 1 | C8: 0.125 | D8: Multi-coded; one response may contribute to more than one theme.
A11: Q12 Theme | B11: Count | C11: % of Q12 open responses | D11: Interpretation
A12: Transparency / understanding | B12: 4 | C12: 0.5 | D12: Multi-coded; one response may contribute to more than one theme.
A13: Trust | B13: 2 | C13: 0.25 | D13: Multi-coded; one response may contribute to more than one theme.
A14: Efficiency / speed / scale | B14: 3 | C14: 0.375 | D14: Multi-coded; one response may contribute to more than one theme.
A15: Over-reliance / dependency | B15: 2 | C15: 0.25 | D15: Multi-coded; one response may contribute to more than one theme.
A16: Explanation / model limitations | B16: 1 | C16: 0.125 | D16: Multi-coded; one response may contribute to more than one theme.
A17: Bias / fairness | B17: 1 | C17: 0.125 | D17: Multi-coded; one response may contribute to more than one theme.
A18: Feature insight / model improvement | B18: 1 | C18: 0.125 | D18: Multi-coded; one response may contribute to more than one theme.
A19: Error risk | B19: 1 | C19: 0.125 | D19: Multi-coded; one response may contribute to more than one theme.

Sheet Dashboard
A1: Practitioner Questionnaire Analysis – Updated
A4: Key metric | B4: Value
A5: Valid consenting responses | B5: 23
A6: Q11 open responses | B6: 8
A7: Q12 open responses | B7: 8
A8: Mean ML familiarity | B8: ='Participant Summary'!J9 -> 3.9130435
A10: Highest agreement items | B10: Agree + Strongly agree
A11: Q10 Human review | B11: ='Likert Summary'!G11 -> 0.91304348
A12: Q8 False negatives | B12: ='Likert Summary'!G9 -> 0.86956522
A13: Q2 Trust and opacity | B13: ='Likert Summary'!G3 -> 0.86956522
